{
  "type": "mlp",
  "architecture": [
    3,
    4,
    1
  ],
  "w_ih": [
    [
      3.153650258928949,
      -0.38672912400093623,
      -2.4064253465529224,
      1.9015183211958286
    ],
    [
      1.963666850263601,
      -1.182540536851621,
      -1.5859699932068567,
      3.536928603798837
    ],
    [
      2.9526259966817503,
      -1.4861162226588178,
      -1.8181254167137026,
      2.4087692919221735
    ]
  ],
  "b_h": [
    -4.102978385512233,
    1.058247376706912,
    2.8371443385710458,
    -3.829098138267835
  ],
  "w_ho": [
    6.261516729197613,
    -2.8817396548382845,
    -5.148536442670067,
    6.1686340217748405
  ],
  "b_o": -2.9587827893669685
}