{
  "type": "mlp",
  "architecture": [
    3,
    5,
    1
  ],
  "w_ih": [
    [
      -2.987116379073855,
      2.3279235224228256,
      0.0761190605336022,
      3.5470450964056646,
      -2.1587170705907077
    ],
    [
      1.1418946637509295,
      -1.8986646437585057,
      0.03410065456537633,
      -1.5306733354408448,
      2.246565739651849
    ],
    [
      1.9545436973436885,
      -1.4297881704133315,
      -1.2324824266419039,
      -3.2279185562340884,
      1.7221944245864371
    ]
  ],
  "b_h": [
    -0.27514351156817235,
    0.6592201595675826,
    0.29478126780388486,
    1.0172473457788507,
    -1.0893739773816495
  ],
  "w_ho": [
    4.214127222613851,
    -3.301579934130699,
    -0.7825887107183915,
    -5.916991913221252,
    3.993761686919297
  ],
  "b_o": 0.45655600087912357
}